,IsCat,,,iscat,,,iscat,,,iscat,,,eff fire,eff water,eff wind,eff earth
dragoon-cape,TRUE,a-light-armor,,TRUE,dragon,,TRUE,string,,TRUE,ancient-power,,"maximum-hp-15,,","maximum-mp-15,,,","def-power-9,,,","physical-m,,,"
abrasive,TRUE,ore,,TRUE,ore,,FALSE,,,FALSE,,,",,",",,,",",,,",",,,"
acrobatic-armor,FALSE,colseit-fiber,,FALSE,feather-ornament,,TRUE,cloth,,TRUE,string,,"acrobatic,,","speed-5,speed-15,speed-25,","swift-knowledge,swift-secrets,,",",,,"
airto-blitz,TRUE,dragon,,TRUE,ore,,TRUE,antique,,TRUE,supplement,,"big-stats-reduc,greatly-dulls,all-stats-down-m","status-damage-s,major-mov-stop,induces-changes,","lightning-speed,strong-blindness,strong-poison,","earth-strike,,,"
allgemein-board,TRUE,oil,,TRUE,lumber,,TRUE,lumber,,FALSE,,,",,",",,,",",,,",",,,"
alloy-plate,TRUE,a-heavy-armor,,FALSE,iron-plate,,TRUE,metal,,TRUE,fuel,,"maximum-hp-5,,","maximum-mp-5,,,","def-power-3,,,","physical-min,,,"
ancient-scroll,FALSE,soul-vine,2,TRUE,string,,TRUE,paper,,FALSE,,,",,",",,,",",,,",",,,"
angel-powder,FALSE,dragon-bone,,TRUE,synthesis,,TRUE,medic-ing,,TRUE,supplement,,"immortality-pwr,,","hp-regen-s2,hp-regen-s3,,","ailments-down-l,ailments-down-m,ailments-down-s,",",,,"
angel-ribbon,TRUE,smell,,TRUE,string,,TRUE,mystery,,TRUE,medic-ing,,"angel-s-blessing,god-s-blessing,","immune-ailments,immune-weakness,immune-blind,immune-ko","weaken-ailments,,,",",,,"
apple-jam,TRUE,apple,,TRUE,seasoning,,TRUE,liquid,,TRUE,supplement,,",,",",,,",",,,",",,,"
apple-story,FALSE,golden-apple,3,TRUE,apple,,TRUE,apple,,TRUE,apple,,",,","apple-healing,,,","apple-blessing,,,","apple-miracle,,,"
apple-tart,TRUE,grain,,TRUE,apple,,TRUE,seasoning,,TRUE,liquid,,",,","hp-regen-l,hp-regen-m,,","sits-in-stomach,,,","eat-recover-min,,,"
aqua-talisman,TRUE,w-accessory,,TRUE,jewel,,TRUE,liquid,,TRUE,metal,,"atk-power-2,,","hit-up-min,,,","speed-5,,,","critical-min,,,"
aroma-pouch,FALSE,dried-herbs,,TRUE,magic-grass,,TRUE,cloth,,TRUE,string,,"spirit-slayer,,","immune-poison,relieve-ailments,,","healing-scent,,,",",,,"
assassin-s-coat,TRUE,a-light-armor,,FALSE,magical-paint,,TRUE,paper,,TRUE,string,,"maximum-hp-10,,","maximum-mp-10,,,","def-power-6,,,","physical-l,,,"
automatic-drive,FALSE,empty-core,2,FALSE,rusty-cog,5,FALSE,bent-screw,5,TRUE,metal,,",,",",,,",",,,",",,,"
beast-earmuffs,TRUE,animal,,TRUE,skin,,TRUE,cloth,,TRUE,string,,"atk-power-6,skill-up-l,",",,,","well-power,,,","hyper-sense,,,"
beast-king-relief,FALSE,reverent-incense,,FALSE,abrasive,,TRUE,clay,,TRUE,jewel,,"erase-monsters,,",",,,",",,,",",,,"
bi-color-corundum,FALSE,abrasive,,FALSE,crimson-soil,2,FALSE,ultramarine-soil,2,TRUE,fuel,,",,",",,,",",,,",",,,"
black-neutralizer,TRUE,animal,,TRUE,mystery,,TRUE,liquid,,FALSE,,,",,",",,,",",,,",",,,"
black-powder,FALSE,charcoal-pieces,,TRUE,gunpowder,,TRUE,smelly,,TRUE,seasoning,,",,",",,,",",,,",",,,"
black-wing-veil,TRUE,w-alch-sword,,FALSE,pendelock,,TRUE,metal,,TRUE,mystery,,"atk-power-4,,","hit-up-l,,,","speed-10,,,","critical-l,,,"
blessed-ring,FALSE,glass-rod,,TRUE,mystery,,TRUE,antique,,TRUE,elixir,,"spirit-blessing,,","flower-blessing,twilight-bless,,","power-blessings,,,","god-of-war-bless,,,"
blitz-stone,FALSE,corundum-stone,7,FALSE,capacitive-paper,,TRUE,gunpowder,,TRUE,supplement,,"intense-thunder,attack-down-m,","mp-consume-s2,mp-consume-s,,","wind-damage-s,,,","weak-to-changes,weak-to-attacks,evasion-down-s,"
bomb,TRUE,fuel,,TRUE,gunpowder,,TRUE,paper,,FALSE,,,"fire-damage-l,,","minor-poison,,,","const-damage-l,const-damage-m,,","minor-blindness,speed-down-m,,"
bone-plate,TRUE,a-heavy-armor,,FALSE,big-bone,2,TRUE,string,,FALSE,,,"maximum-hp-5,,","maximum-mp-5,,,","def-power-3,,,","avoid-ko-min,,,"
boneshatter,TRUE,w-longsword,,FALSE,big-bone,,TRUE,synthesis,,TRUE,ore,,"atk-power-4,,","hit-up-l,,,","speed-10,,,","critical-l,,,"
brave-bunker,TRUE,w-hammer,,FALSE,sky-king-fossil,,TRUE,jewel,,TRUE,metal,,"atk-power-6,,","hit-up-m,,,","speed-15,,,","critical-m,,,"
brother-call,FALSE,jet-black-cube,,TRUE,metal,,TRUE,ore,,TRUE,clay,,"substitution,coop-strategy,coop-secrets","alignment,,,","resonant-bell,harmonic-bell,,","movement-bonus,,,"
burning-gas,FALSE,black-neutralizer,,TRUE,cloth,,TRUE,gunpowder,,FALSE,,,",,",",,,",",,,",",,,"
burning-spice,FALSE,red-devil,,FALSE,blue-devil,,FALSE,bitter-tree-seed,,TRUE,oil,,",,",",,,",",,,",",,,"
canned-food,FALSE,preserved-biscuit,5,FALSE,iron-plate,,TRUE,food,,TRUE,food,,",,",",,,",",,,",",,,"
capacitive-paper,TRUE,paper,,TRUE,ancient-power,,TRUE,liquid,,FALSE,,,",,",",,,",",,,",",,,"
cardboard,TRUE,paper,,TRUE,paper,,TRUE,lumber,,TRUE,supplement,,",,",",,,",",,,",",,,"
celestial-shirt,TRUE,a-clothes,,FALSE,magic-fiber,,TRUE,ancient-power,,TRUE,synthesis,,"maximum-hp-15,,","maximum-mp-15,,,","def-power-9,,,","physical-m,,,"
chain-shirt,TRUE,a-clothes,,TRUE,slag-parts,,TRUE,metal,,TRUE,string,,"maximum-hp-10,,","maximum-mp-10,,,","def-power-6,,,","hp-regen-l,,,"
chest-plate,FALSE,scrap-metal,,TRUE,lumber,,TRUE,string,,FALSE,,,"maximum-hp-5,,","maximum-mp-5,,,","def-power-3,,,","atk-evasion-min,,,"
clear-jelly,FALSE,honey,,TRUE,fruit,,TRUE,smell,,TRUE,supplement,,"sits-in-stomach,,","mp-recovery-l,mp-recovery-m,,","quick-throw,,,",",,,"
cleaver,TRUE,w-longsword,,FALSE,abrasive,,TRUE,ore,,TRUE,metal,,"atk-power-2,,","hit-up-min,,,","speed-5,,,","critical-min,,,"
cloth-scraps,TRUE,a-clothes,,TRUE,a-clothes,,FALSE,,,FALSE,,,",,",",,,",",,,",",,,"
colseit-fiber,TRUE,plant,,TRUE,liquid,,TRUE,paper,,FALSE,,,",,",",,,",",,,",",,,"
combat-shirt,TRUE,a-clothes,,FALSE,multi-patch,,TRUE,skin,,TRUE,metal,,"maximum-hp-15,,","maximum-mp-15,,,","def-power-9,,,","avoid-ko-m,,,"
comet-crest-stone,FALSE,precious-stone,,FALSE,aurora-stone,,TRUE,antique,,TRUE,ancient-power,,",,",",,,",",,,",",,,"
command-chime,FALSE,ziegel-nugget,,TRUE,antique,,TRUE,ore,,TRUE,mystery,,"disperse-signal,gathering-signal,",",,,","reduce-wait-s,reduce-wait,,",",,,"
concealing-skin,FALSE,magical-paint,,FALSE,leather,,TRUE,cloth,,TRUE,string,,",,","rest-efficiency,relaxation,,","evasion-up,,,","hp-regen-min,hp-regen-l,hp-regen-m,"
cotton-shirt,TRUE,cloth,,TRUE,magic-grass,,TRUE,paper,,FALSE,,,"maximum-hp-5,,","maximum-mp-5,,,","def-power-3,,,","atk-evasion-min,,,"
craft,TRUE,spark,,TRUE,spark,,TRUE,gunpowder,,FALSE,,,"slows-movement,,","embedding-thorns,shredding-thorns,,","bursting,explosive,,","phy-damage-l,,,"
cross-rapier,TRUE,w-rapier,,FALSE,glass-rod,,TRUE,jewel,,TRUE,metal,,"atk-power-4,,","hit-up-l,,,","speed-10,,,","critical-l,,,"
crystal-ball,FALSE,polished-crystal,,FALSE,abrasive,,TRUE,cloth,,TRUE,liquid,,",,",",,,",",,,",",,,"
crystal-fang,TRUE,w-alch-sword,,FALSE,polished-crystal,,TRUE,jewel,,TRUE,ore,,"atk-power-4,,","hit-up-l,,,","speed-10,,,","critical-l,,,"
crystal-plate,TRUE,a-heavy-armor,,FALSE,polished-crystal,,TRUE,metal,,FALSE,,,"maximum-hp-10,,","maximum-mp-10,,,","def-power-6,,,","physical-l,,,"
crystal-ring,FALSE,polished-crystal,,FALSE,glass-rod,,TRUE,metal,,TRUE,mystery,,"f-water-dmg-dwn,f-water-dmg-res,","protect-crystal,,,","e-wind-dmg-dwn,e-wind-dmg-res,,",",,,"
cup-of-life,FALSE,eternal-liquid,2,TRUE,medic-ing,,TRUE,medicine,,TRUE,grain,,",,","recover-ko-min,recover-ko-l,recover-ko-m,","clears-the-mind,perk-up,,","recovery-bonus-l,recovery-bonus-m,,"
curing-powder,TRUE,meat,,TRUE,plant,,TRUE,medic-ing,,TRUE,smelly,,",,","ailments-down-l,,,","cure-weakness,,,","cure-poison,,,"
dark-angel-bag,TRUE,w-bag,,TRUE,mystery,,TRUE,medicine,,TRUE,cloth,,"atk-power-4,,","hit-up-l,,,","speed-10,,,","critical-l,,,"
dark-night-cape,FALSE,black-water,,TRUE,cloth,,TRUE,string,,TRUE,smell,,"silencing,hard-to-notice,","immune-poison,,,","immune-blind,,,","def-power-9,physical-min,,"
demon-crucible,FALSE,heart-of-flame,,FALSE,cup-of-life,,TRUE,clay,,TRUE,mystery,,"impish-mischief,,","consecutive-act,instant-action,avoid-ko,","hp-consume-s2,,,",",,,"
demon-eye,FALSE,fairy-soul,,FALSE,lightning-bomb,,TRUE,gas,,TRUE,supplement,,"mp-consume-s,mp-consume-m,mp-consume-l","quick-throw,,,","eye-of-storm,,,","stones,boulders,,"
dimension-bomb,FALSE,buried-bomb,2,FALSE,jet-black-cube,,TRUE,paper,,TRUE,medicine,,"4d-damage,induces-changes,set-damage","d-explosion,,,","mp-consume-s2,mp-consume-s,mp-consume-m,","stops-movement,hit-vitals,,"
dire-bomb,FALSE,phlogiston,5,FALSE,scorching-ore,2,TRUE,gunpowder,,TRUE,paper,,"fire-damage-s,,","inflicts-burns,inflicts-burns-s,,","quick-throw,,,","defense-down-m,cremate,,"
distilled-water,TRUE,liquid,,TRUE,paper,,TRUE,cloth,,TRUE,fuel,,",,",",,,",",,,",",,,"
divine-jar,FALSE,aqua-light,2,FALSE,handmade-pottery,,TRUE,liquid,,TRUE,supplement,,"flash-flood,,","causes-blindness,causes-poison,dulls-legs,","status-damage-l,status-damage-m,,",",,,"
dowsing-rod,FALSE,pendelock,2,TRUE,natural,,TRUE,metal,,TRUE,mystery,,",,","good-relics,amazing-relics,,",",,,",",,,"
dragon-scale-armor,TRUE,a-heavy-armor,,FALSE,dragon-scale,,TRUE,dragon,,TRUE,dragon,,"maximum-hp-15,,","maximum-mp-15,,,","def-power-9,,,","physical-m,,,"
dragon-s-secret,FALSE,distilled-water,,TRUE,dragon,,TRUE,smelly,,TRUE,mystery,,"wind-res-up-s,earth-res-up-s,","avoid-ko,warrior-blessing,hero-s-blessing,blessing-of-god","all-stats-up-s,,,","fire-res-up-s,water-res-up-s,,"
dream-book,FALSE,magical-paint,,TRUE,apple,,TRUE,snack,,TRUE,paper,,"candy-dream,,","mp-consume-s2,mp-consume-s,mp-consume-m,","reduces-stats,critical-throw,,","daydream,induces-changes,weak-to-changes,"
dried-herbs,TRUE,plant,,TRUE,plant,,TRUE,plant,,TRUE,smelly,,",,",",,,",",,,",",,,"
dusk-talisman,FALSE,aurora-stone,,TRUE,clay,,TRUE,string,,TRUE,jewel,,",,","harmony-prayer,strength-prayer,health-prayer,swift-prayer","twilight-bless,,,","avoid-ko-s,immune-ko,,"
ebony-plate,TRUE,a-heavy-armor,,FALSE,ancient-root,2,TRUE,liquid,,TRUE,lumber,,"maximum-hp-10,,","maximum-mp-10,,,","def-power-6,,,","atk-evasion-l,,,"
einzel-steel,FALSE,diamond-gemstone,,FALSE,iron-plate,,FALSE,distilled-water,,TRUE,fuel,,",,",",,,",",,,",",,,"
eis-ice-bomb,FALSE,water-crystal,5,FALSE,ice-bomb,,TRUE,liquid,,TRUE,supplement,,"mp-consume-s2,mp-consume-s,","water-damage-s,,,","evasion-down,freeze-solid,,","speed-down-m,defense-ignor,,"
elixir-base,FALSE,primo-medicine,,FALSE,aroma-materia,,TRUE,dragon,,TRUE,mystery,,"recover-ko-s,recover-ko-s2,","auto-revive-s,strength-boost-s,,","hp-mp-recovery-s,hp-recovery-s3,,","cure-all-ail,all-stats-up-s,,"
exceed-belt,FALSE,leather,,TRUE,mystery,,TRUE,antique,,TRUE,string,,"critical-min,critical-l,","forge-body,forge-muscle,forge-mind-body,","forge-spirit,forge-mind,,","overweight,legs-of-earth,earth-shackles,"
explorer-s-pack,FALSE,leather,,TRUE,medicine,,TRUE,cloth,,TRUE,string,,"atk-power-2,,","hit-up-min,,,","speed-5,,,","critical-min,,,"
eye-opener,FALSE,red-devil,,FALSE,blue-devil,,TRUE,liquid,,TRUE,supplement,,"crit-rate-up-l,crit-rate-up-m,crit-rate-up-s","cure-blindness,,,","evasion-up-m,evasion-up-s,,","crit-power-up-s,crit-power-up-l,crit-power-up-m,"
fantasy-stick,TRUE,w-club,,FALSE,jet-black-cube,,TRUE,ancient-power,,TRUE,jewel,,"atk-power-6,,","hit-up-m,,,","speed-15,,,","critical-m,,,"
feather-ornament,TRUE,feather,,TRUE,string,,TRUE,jewel,,FALSE,,,"draw-attention,hard-to-notice,","speed-10,,,","acrobatic,illusion-phantam,evasion-up,",",,,"
feather-staff,TRUE,w-staff,,FALSE,feather-ornament,,TRUE,lumber,,TRUE,jewel,,"atk-power-4,,","hit-up-l,,,","speed-10,,,","critical-l,,,"
fertilizer,FALSE,green-soil,2,FALSE,crimson-soil,2,FALSE,ultramarine-soil,2,TRUE,plant,,",,",",,,",",,,",",,,"
five-grain-flour,FALSE,grain-scraps,2,TRUE,grain,,TRUE,grain,,FALSE,,,",,",",,,",",,,",",,,"
flava-blitz,FALSE,river-water,2,TRUE,ore,,TRUE,liquid,,TRUE,supplement,,",,","hyd-strike,,,","speed-down-l,speed-down-m,speed-down-s,","damage-absorb-l,damage-absorb-m,,"
flight-gas-jar,FALSE,buoyant-gas,2,FALSE,glass-rod,,TRUE,clay,,TRUE,oil,,",,",",,,",",,,",",,,"
flowing-metal,FALSE,soul-vine,,TRUE,metal,,TRUE,liquid,,TRUE,supplement,,",,",",,,",",,,",",,,"
fluffy-whip,TRUE,oil,,TRUE,seasoning,,TRUE,smelly,,FALSE,,,",,",",,,",",,,",",,,"
forbidden-candy,FALSE,honey,,TRUE,apple,,TRUE,gas,,TRUE,seasoning,,"eat-recover-s2,eat-recover-s3,","mp-recovery-m,mp-recovery-s,,","recover-ko-m,recover-ko-s,,","forbidden-power,fills-stomach,sits-in-stomach,avoid-ko"
freezing-gas,FALSE,spray,,TRUE,liquid,,TRUE,supplement,,FALSE,,,",,",",,,",",,,",",,,"
fruit-pie,FALSE,honey,,TRUE,grain,,TRUE,fruit,,TRUE,seasoning,,",,","eat-recover-s,eat-recover-s2,,","hp-regen-m,hp-regen-s,,","sits-in-stomach,,,"
fruit-ration,FALSE,preserved-tablet,,TRUE,grain,,TRUE,seasoning,,TRUE,fruit,,"eat-recover-m,eat-recover-s,","hp-regen-m,hp-regen-s,,","mp-recovery-l,mp-recovery-m,,","nutritious,strength-boost-m,,"
fur-shirt,TRUE,a-clothes,,TRUE,skin,,TRUE,paper,,TRUE,string,,"maximum-hp-10,,","maximum-mp-10,,,","def-power-6,,,","physical-l,,,"
glass-rod,FALSE,powdered-glass,,FALSE,powdered-glass,,TRUE,liquid,,TRUE,fuel,,",,",",,,",",,,",",,,"
glass-shaker,TRUE,w-alch-sword,,TRUE,synthesis,,TRUE,metal,,TRUE,jewel,,"atk-power-2,,","hit-up-min,,,","speed-5,,,","critical-min,,,"
glass-tiara,FALSE,glass-rod,,FALSE,shining-crystal,,TRUE,jewel,,TRUE,antique,,"magic-blessing,,","expert-wisdom,sage-wisdom,,","attract-success,,,","skill-up-l,,,"
glorious-note,FALSE,big-bone,,TRUE,meat,,TRUE,clay,,TRUE,synthesis,,"fists-of-fire,,","fists-of-water,,,","fists-of-wind,,,","forged-fists,,,"
goddess-shield,TRUE,clay,,TRUE,jewel,,TRUE,mystery,,TRUE,string,,"water-res-up-m,fire-res-up-m,","defense-up-m,defense-up-s,,","earth-res-up-m,wind-res-up-m,,","word-protect-s,word-protect-l,word-protect-m,"
gold-dust,FALSE,junk,5,FALSE,medical-solution,,TRUE,cloth,,TRUE,gunpowder,,",,",",,,",",,,",",,,"
golden-wing-staff,TRUE,w-staff,,FALSE,corundum-stone,,TRUE,lumber,,TRUE,metal,,"atk-power-2,,","hit-up-min,,,","speed-5,,,","critical-min,,,"
gold-thread-shirt,TRUE,a-clothes,,FALSE,gold-dust,,TRUE,string,,TRUE,cloth,,"maximum-hp-15,,","maximum-mp-15,,,","def-power-9,,,","hp-regen-m,,,"
golt-board,FALSE,diamond-gemstone,,FALSE,medical-solution,,TRUE,lumber,,TRUE,clay,,",,",",,,",",,,",",,,"
goltriat,TRUE,w-gun,,FALSE,ziegel-nugget,,TRUE,oil,,TRUE,metal,,"atk-power-4,,","hit-up-l,,,","speed-10,,,","critical-l,,,"
graviton-gale,TRUE,w-hammer,,FALSE,antique-stone,,TRUE,lumber,,TRUE,metal,,"atk-power-2,,","hit-up-min,,,","speed-5,,,","critical-min,,,"
great-blade,FALSE,corundum-stone,,FALSE,mixed-lubricant,,TRUE,ore,,TRUE,string,,"atk-power-2,,","hit-up-min,,,","speed-5,,,","critical-min,,,"
green-crystal,FALSE,bi-color-corundum,,FALSE,green-soil,,TRUE,cloth,,TRUE,plant,,",,",",,,",",,,",",,,"
gunade-ring,FALSE,ziegel-nugget,,TRUE,jewel,,TRUE,mystery,,TRUE,ore,,"strength,divine-strength,",",,,","give-speed,divine-speed,,","protection,divine-protect,,"
guryun-blitz,TRUE,jewel,,TRUE,ore,,TRUE,gas,,TRUE,supplement,,",,","weak-to-attacks,,,","wind-blade,,,","defense-down-l,defense-down-m,defense-down-s,"
handmade-pottery,TRUE,clay,,TRUE,liquid,,TRUE,fuel,,FALSE,,,",,",",,,",",,,",",,,"
heal-bandage,FALSE,lethe-grass,2,TRUE,string,,TRUE,supplement,,FALSE,,,",,","hp-recovery-min,hp-recovery-l,,","quick-throw,,,","speed-down-l,hp-regen-min,,"
healing-aroma,FALSE,wood-chips,,TRUE,smell,,TRUE,natural,,TRUE,fuel,,"recovery-bonus-l,recovery-bonus-m,recovery-bonus-s","hp-mp-recovery-l,hp-mp-recovery-m,,","perk-up,cure-slow,,",",,,"
healing-cloud,FALSE,buoyant-gas,2,TRUE,medic-ing,,TRUE,natural,,TRUE,smell,,"cloud-heal,raincloud-heal,stormcloud-heal","mp-consume-m,mp-consume-l,,","evasion-up-l,all-stats-up-l,,",",,,"
healing-salve,TRUE,plant,,TRUE,oil,,TRUE,liquid,,FALSE,,,"cure-poison,,","hp-recovery-min,hp-recovery-l,hp-recovery-m,","recov-bonus-min,,,","refreshing,clears-the-mind,,"
healthy-ration,FALSE,medicine-bread,,FALSE,curing-powder,,TRUE,seasoning,,TRUE,smell,,"eat-recover-m,eat-recover-s,","cure-all-ail,,,","mp-recovery-l,mp-recovery-m,,",",,,"
heart-of-flame,FALSE,slag-heart,3,TRUE,fuel,,TRUE,animal,,TRUE,supplement,,"fire-attack,fire-blessing,","beast-vitality,,,","heated-pulse,,,","avoid-ko-m,avoid-ko-s,avoid-ko-s2,"
heavenly-spirits,FALSE,wing-plant,3,FALSE,fairy-soul,5,FALSE,eiche,10,TRUE,dragon,,",,",",,,","return-to-base,,,",",,,"
heroic-cape,TRUE,a-light-armor,,FALSE,magic-fiber,,TRUE,animal,,TRUE,cloth,,"maximum-hp-10,,","maximum-mp-10,,,","def-power-6,,,","hp-regen-l,,,"
holy-chalice,FALSE,medical-solution,,FALSE,distilled-water,,TRUE,elixir,,TRUE,medic-ing,,",,","recover-ko-m,recover-ko-s,recover-ko-s2,","quick-throw,,,","hp-regen-s,hp-regen-s2,,"
holy-talisman,TRUE,w-accessory,,FALSE,comet-crest-stone,,TRUE,ancient-power,,TRUE,metal,,"atk-power-6,,","hit-up-m,,,","speed-15,,,","critical-m,,,"
honey,TRUE,beehive,,TRUE,beehive,,TRUE,paper,,FALSE,,,",,",",,,",",,,",",,,"
humming-quasar,TRUE,w-longsword,,TRUE,ancient-power,,TRUE,jewel,,TRUE,ore,,"atk-power-6,,","hit-up-m,,,","speed-15,,,","critical-m,,,"
ice-bomb,FALSE,freezing-gas,,TRUE,liquid,,TRUE,supplement,,FALSE,,,"water-damage-l,,","speed-down-l,speed-down-m,,","evasion-down,,,","slight-reduction,dulls-legs,,"
immune-medicine,TRUE,animal,,TRUE,medic-ing,,TRUE,elixir,,TRUE,supplement,,"dmg-reduction-l,,","ailments-down-m,ailments-down-s,,","cure-all-ail,cure-poison,cure-blindness,cure-weakness",",,,"
inspector-s-blade,FALSE,corundum-stone,,FALSE,antique-stone,,TRUE,jewel,,TRUE,ore,,"atk-power-2,,","hit-up-min,,,","speed-5,,,","critical-min,,,"
iron-clay,TRUE,clay,,TRUE,metal,,TRUE,ore,,FALSE,,,",,",",,,",",,,",",,,"
iron-plate,TRUE,metal,,TRUE,ore,,TRUE,fuel,,FALSE,,,",,",",,,",",,,",",,,"
jewel-plate,TRUE,a-heavy-armor,,FALSE,precious-stone,,TRUE,jewel,,TRUE,string,,"maximum-hp-10,,","maximum-mp-10,,,","def-power-6,,,","hp-regen-l,,,"
knitted-shirt,TRUE,a-clothes,,FALSE,strong-yarn,,TRUE,string,,FALSE,,,"maximum-hp-5,,","maximum-mp-5,,,","def-power-3,,,","avoid-ko-min,,,"
knowledge-book,FALSE,heavenly-spirits,,FALSE,treasure-grimoire,,TRUE,elixir,,TRUE,dragon,,"four-heavens,,","evasion-down-s,crit-rate-down,resonant-damage,","unstable-damage,,,","mp-consume-m,mp-consume-s,mp-consume-s2,"
lava-cube,FALSE,phlogiston,3,TRUE,bomb,,TRUE,fuel,,TRUE,supplement,,"inflicts-burns,inflicts-burns-s,","rain-of-fire,,,","mp-consume-s,mp-consume-m,mp-consume-l,","stray-bullets,falling-stars,,"
leather-coat,FALSE,zettel,,FALSE,leather,,TRUE,string,,TRUE,oil,,"maximum-hp-5,,","maximum-mp-5,,,","def-power-3,,,","atk-evasion-min,,,"
leather-gloves,FALSE,leather,,TRUE,string,,TRUE,cloth,,FALSE,,,"hard-leather,tailored-pelts,","smooth-finger,,,","increase-dex,,,","def-power-3,beast-slayer,,"
leather-shirt,TRUE,a-clothes,,FALSE,leather,,TRUE,oil,,FALSE,,,"maximum-hp-5,,","maximum-mp-5,,,","def-power-3,,,","atk-evasion-min,,,"
leather,TRUE,skin,,TRUE,oil,,TRUE,string,,FALSE,,,",,",",,,",",,,",",,,"
lifetree-staff,TRUE,w-staff,,FALSE,dunkelheit,,TRUE,elixir,,TRUE,plant,,"atk-power-6,,","hit-up-m,,,","speed-15,,,","critical-m,,,"
light-ladle,FALSE,scrap-metal,,FALSE,abrasive,,TRUE,lumber,,TRUE,string,,"atk-power-2,,","hit-up-min,,,","speed-5,,,","critical-min,,,"
lightning-bomb,FALSE,abrasive,,FALSE,capacitive-paper,,TRUE,ore,,TRUE,supplement,,"minor-blindness,,","slows-movement,stops-movement,,","wind-damage-l,,,","fixed-damage,piercing-damage,,"
living-bomb,FALSE,soul-vine,,TRUE,clay,,TRUE,ore,,TRUE,synthesis,,"quick-throw,,","defense-down-l,defense-down-m,,","attracts,stops-movement,,","earth-damage-l,,,"
magical-paint,TRUE,ore,,TRUE,liquid,,TRUE,oil,,TRUE,supplement,,"atk-power-up-l,atk-power-up-m,","defense-up-l,defense-up-m,,","speed-up-l,speed-up-m,,","evasion-up-l,,,"
magic-fiber,FALSE,golden-yarn,,TRUE,synthesis,,TRUE,string,,TRUE,liquid,,",,",",,,",",,,",",,,"
magician-s-broom,FALSE,eiche,,TRUE,synthesis,,TRUE,mystery,,TRUE,magic-grass,,"atk-power-2,,","hit-up-min,,,","speed-5,,,","critical-min,,,"
magic-plate,TRUE,a-heavy-armor,,FALSE,fairy-soul,,TRUE,ore,,FALSE,,,"maximum-hp-5,,","maximum-mp-5,,,","def-power-3,,,","atk-evasion-min,,,"
magic-stone,FALSE,ziegel-nugget,,FALSE,abrasive,,TRUE,metal,,TRUE,antique,,"consumes-spirit,strengthen-soul,","soul-awakening,power-of-origin,,",",,,","magic-stone-ray,,,"
magic-talisman,TRUE,w-accessory,,FALSE,crystal-ball,,TRUE,ore,,TRUE,clay,,"atk-power-4,,","hit-up-l,,,","speed-10,,,","critical-l,,,"
medical-bag,TRUE,w-bag,,TRUE,medic-ing,,TRUE,medicine,,TRUE,cloth,,"atk-power-2,,","hit-up-min,,,","speed-5,,,","critical-min,,,"
medical-bandage,FALSE,trio-taun,2,TRUE,medicine,,TRUE,liquid,,TRUE,cloth,,"cure-blindness,cure-weakness,","hp-mp-recovery-m,hp-recovery-s,,","cure-poison,cure-slow,,","recover-ko-min,,,"
medical-solution,FALSE,distilled-water,,TRUE,elixir,,TRUE,medic-ing,,TRUE,cloth,,",,",",,,",",,,",",,,"
medicine-bread,FALSE,five-grain-flour,,TRUE,seasoning,,TRUE,medic-ing,,TRUE,vegetable,,"cure-poison,cure-weakness,",",,,","sits-in-stomach,,,","eat-recover-m,eat-recover-s,,"
melty-metal,FALSE,blaze-ore,,TRUE,ore,,TRUE,metal,,TRUE,fuel,,",,",",,,",",,,",",,,"
metal-chips,FALSE,abrasive,,TRUE,metal,,TRUE,ore,,TRUE,paper,,",,",",,,",",,,",",,,"
metal-turner,TRUE,w-cookware,,TRUE,metal,,TRUE,mystery,,TRUE,lumber,,"atk-power-4,,","hit-up-l,,,","speed-10,,,","critical-l,,,"
meteor-broom,TRUE,w-broomstick,,FALSE,moon-tablet,,TRUE,synthesis,,TRUE,magic-grass,,"atk-power-6,,","hit-up-m,,,","speed-15,,,","critical-m,,,"
meteor-plate,TRUE,a-heavy-armor,,FALSE,moon-tablet,,TRUE,ancient-power,,TRUE,metal,,"maximum-hp-15,,","maximum-mp-15,,,","def-power-9,,,","hp-regen-m,,,"
mixed-lubricant,FALSE,mixed-oil,2,TRUE,smelly,,TRUE,clay,,TRUE,cloth,,",,",",,,",",,,",",,,"
mjolnir,TRUE,w-hammer,,FALSE,lightning-bomb,,TRUE,synthesis,,TRUE,clay,,"atk-power-4,,","hit-up-l,,,","speed-10,,,","critical-l,,,"
moon-tablet,FALSE,corundum-stone,2,TRUE,natural,,TRUE,clay,,TRUE,supplement,,",,",",,,",",,,",",,,"
multi-patch,FALSE,colseit-fiber,,TRUE,string,,TRUE,synthesis,,FALSE,,,",,",",,,",",,,",",,,"
music-box,FALSE,rough-disk,2,TRUE,cloth,,TRUE,oil,,TRUE,lumber,,",,",",,,","terrible-tone,tone-of-strength,protection-tone,fight-tone","mp-recovery-l,mp-recovery-m,,"
mystery-lantern,FALSE,fairy-soul,2,TRUE,oil,,TRUE,fuel,,TRUE,ore,,"search-up,search-up-s,",",,,",",,,",",,,"
mystery-stick,TRUE,w-club,,FALSE,crystal-ball,,TRUE,mystery,,TRUE,lumber,,"atk-power-4,,","hit-up-l,,,","speed-10,,,","critical-l,,,"
natural-extract,FALSE,liquid-crystal,,TRUE,plant,,TRUE,animal,,TRUE,fuel,,",,",",,,",",,,",",,,"
neutralizer-b,TRUE,liquid,,TRUE,liquid,,FALSE,,,FALSE,,,",,",",,,",",,,",",,,"
neutralizer-g,TRUE,plant,,TRUE,liquid,,FALSE,,,FALSE,,,",,",",,,",",,,",",,,"
neutralizer-r,TRUE,gunpowder,,TRUE,liquid,,FALSE,,,FALSE,,,",,",",,,",",,,",",,,"
neutralizer-y,TRUE,clay,,TRUE,liquid,,FALSE,,,FALSE,,,",,",",,,",",,,",",,,"
omega-craft,FALSE,spiky-bud,3,TRUE,spark,,TRUE,spark,,TRUE,gunpowder,,"explosive,thorn-strike,","shredding-thorns,piercing-thorns,,","attracts,all-stats-down-l,,","phy-damage-s,,,"
pancake-stack,FALSE,fluffy-whip,,FALSE,five-grain-flour,,TRUE,fruit,,TRUE,seasoning,,"eat-recover-l,eat-recover-m,","major-mov-stop,fills-stomach,sits-in-stomach,","speed-down-s,speed-down-m,speed-down-l,","defense-up-m,,,"
peerless-sabre,TRUE,w-rapier,,FALSE,diamond-gemstone,,TRUE,dragon,,TRUE,antique,,"atk-power-6,,","hit-up-m,,,","speed-15,,,","critical-m,,,"
phantom-saber,FALSE,scrap-metal,,TRUE,metal,,TRUE,ore,,TRUE,supplement,,"atk-power-2,,","hit-up-min,,,","speed-5,,,","critical-min,,,"
phoenix-bracelet,FALSE,big-bone,2,FALSE,blaze-ore,3,TRUE,clay,,TRUE,animal,,"awakening,,","accel-recovery,super-recovery,,","phoenix-vitality,,,","aura-of-prot,,,"
plant-nutrients,TRUE,plant,,TRUE,plant,,TRUE,synthesis,,TRUE,liquid,,",,",",,,",",,,","good-material,amazing-material,,"
polarized-gem,FALSE,abrasive,,FALSE,green-soil,2,FALSE,amber-soil,2,TRUE,fuel,,",,",",,,",",,,",",,,"
polished-crystal,FALSE,shining-crystal,,FALSE,abrasive,,TRUE,liquid,,TRUE,cloth,,",,",",,,",",,,",",,,"
poly-poison,FALSE,darkness-shoot,2,TRUE,smelly,,TRUE,fuel,,TRUE,liquid,,"causes-blindness,dulls-legs,triple-handicap","attack-down-s,defense-down-s,speed-down-s,decrease-stats","poison-damage-l,,,","const-damage-s,status-damage-s,,"
powdered-glass,FALSE,glass-core,2,TRUE,fuel,,TRUE,liquid,,FALSE,,,",,",",,,",",,,",",,,"
precious-stone,FALSE,abrasive,,TRUE,jewel,,TRUE,jewel,,TRUE,liquid,,",,",",,,",",,,",",,,"
precision-broom,TRUE,w-broomstick,,TRUE,paper,,TRUE,magic-grass,,TRUE,lumber,,"atk-power-4,,","hit-up-l,,,","speed-10,,,","critical-l,,,"
preserved-tablet,FALSE,drying-sand,2,TRUE,medic-ing,,TRUE,paper,,FALSE,,,",,",",,,",",,,",",,,"
pressed-oil,FALSE,dried-root,2,TRUE,plant,,TRUE,fuel,,FALSE,,,",,",",,,",",,,",",,,"
proto-phantom,TRUE,w-alch-sword,,TRUE,dragon,,TRUE,metal,,TRUE,elixir,,"atk-power-6,,","hit-up-m,,,","speed-15,,,","critical-m,,,"
purify-bottle,FALSE,zettel,,TRUE,metal,,TRUE,smell,,TRUE,supplement,,",,",",,,",",,,",",,,"
purifying-liquid,TRUE,liquid,,TRUE,medic-ing,,TRUE,fuel,,TRUE,synthesis,,",,",",,,",",,,",",,,"
purple-crystal,FALSE,crystal-ball,,TRUE,jewel,,TRUE,cloth,,TRUE,liquid,,",,",",,,",",,,",",,,"
rainbow-powder,FALSE,aurora-stone,,TRUE,gunpowder,,TRUE,gunpowder,,TRUE,supplement,,",,",",,,",",,,",",,,"
rainbow-shirt,TRUE,a-clothes,,FALSE,aurora-stone,,TRUE,cloth,,TRUE,paper,,"maximum-hp-10,,","maximum-mp-10,,,","def-power-6,,,","atk-evasion-l,,,"
red-starter,TRUE,w-gun,,FALSE,black-powder,,TRUE,fuel,,TRUE,lumber,,"atk-power-4,,","hit-up-l,,,","speed-10,,,","critical-l,,,"
refuel-ointment,TRUE,medic-ing,,TRUE,magic-grass,,TRUE,oil,,TRUE,supplement,,"hp-regen-l,hp-regen-m,","mp-recovery-l,mp-recovery-m,,",",,,","hp-recovery-m,hp-recovery-s,hp-recovery-s2,"
reverent-incense,FALSE,purify-block,,TRUE,smelly,,TRUE,natural,,TRUE,fuel,,",,",",,,",",,,",",,,"
rich-potage,TRUE,grain,,TRUE,vegetable,,TRUE,seasoning,,TRUE,liquid,,"fire-res-up-l,all-stats-up-m,fire-res-up-m","water-res-up-l,water-res-up-m,,","wind-res-up-l,evasion-up-m,wind-res-up-m,","earth-res-up-l,earth-res-up-m,,"
roten-blitz,FALSE,ifrit-breath,2,TRUE,ore,,TRUE,fuel,,TRUE,supplement,,"flame-strike,,","attack-down-l,attack-down-m,attack-down-s,","inflicts-burns,opens-wounds,,",",,,"
royal-crest,FALSE,beast-king-relief,,TRUE,dragon,,TRUE,jewel,,TRUE,metal,,"weaken-impact,quick-action,","lineage-of-kings,see-vitals,,","will-of-heroes,dragon-slayer,,","king-possession,champ-possession,,"
ruby-talisman,FALSE,fluorite,,TRUE,ore,,TRUE,mystery,,TRUE,metal,,"atk-power-2,,","hit-up-min,,,","speed-5,,,","critical-min,,,"
scale-plate,TRUE,a-heavy-armor,,FALSE,melty-metal,,TRUE,jewel,,TRUE,string,,"maximum-hp-15,,","maximum-mp-15,,,","def-power-9,,,","avoid-ko-m,,,"
scattershot,FALSE,bullet-seed,,TRUE,bomb,,TRUE,metal,,TRUE,lumber,,"atk-power-2,,","hit-up-min,,,","speed-5,,,","critical-min,,,"
service-stick,FALSE,river-wood,,FALSE,abrasive,,TRUE,string,,TRUE,antique,,"atk-power-2,,","hit-up-min,,,","speed-5,,,","critical-min,,,"
seven-star-medal,FALSE,diamond-gemstone,2,TRUE,jewel,,TRUE,metal,,TRUE,animal,,"fire-attack,fire-blessing,","frost-attack,water-blessing,,","thunder-attack,wind-blessing,,","fast-action,earth-blessing,,"
silver-arm,TRUE,w-gun,,TRUE,oil,,TRUE,gunpowder,,TRUE,metal,,"atk-power-2,,","hit-up-min,,,","speed-5,,,","critical-min,,,"
single-mixer,TRUE,w-cookware,,FALSE,aroma-materia,,TRUE,synthesis,,TRUE,metal,,"atk-power-6,,","hit-up-m,,,","speed-15,,,","critical-m,,,"
sky-alchemy-staff,TRUE,w-staff,,TRUE,dragon,,TRUE,synthesis,,TRUE,metal,,"atk-power-4,,","hit-up-l,,,","speed-10,,,","critical-l,,,"
slag-essence,TRUE,slag-parts,,TRUE,slag-parts,,TRUE,medic-ing,,TRUE,liquid,,",,","hp-to-mp,hp-to-sp,,",",,,",",,,"
slag-statue,TRUE,slag-parts,,TRUE,synthesis,,TRUE,clay,,TRUE,meat,,"call-slag-l,call-slag-m,call-slag-s",",,,",",,,",",,,"
slaying-blade,TRUE,w-longsword,,TRUE,dragon,,TRUE,slag-parts,,TRUE,metal,,"atk-power-4,,","hit-up-l,,,","speed-10,,,","critical-l,,,"
sledge-head,FALSE,rusty-cog,,FALSE,abrasive,,TRUE,clay,,TRUE,metal,,"atk-power-2,,","hit-up-min,,,","speed-5,,,","critical-min,,,"
slumber-incense,FALSE,wood-chips,3,TRUE,smell,,TRUE,smelly,,TRUE,oil,,",,",",,,",",,,",",,,"
soul-binder,FALSE,pendelock,3,TRUE,slag-parts,,TRUE,metal,,TRUE,synthesis,,"chains-of-circ,barrier-chains,chains-of-dest","coop-up,power-absorption,,","slag-slayer,,,","draw-out-wits,,,"
soul-breaker,TRUE,w-hammer,,FALSE,melty-metal,,TRUE,gunpowder,,TRUE,metal,,"atk-power-4,,","hit-up-l,,,","speed-10,,,","critical-l,,,"
spirit-garland,FALSE,white-flower,,TRUE,magic-grass,,TRUE,plant,,TRUE,string,,",,","development,flower-blessing,flower-awakening,",",,,",",,,"
spirit-gem,FALSE,purple-crystal,,FALSE,abrasive,,TRUE,jewel,,TRUE,mystery,,",,",",,,",",,,",",,,"
sp-medicine,FALSE,curing-powder,,FALSE,handmade-pottery,,TRUE,medicine,,TRUE,natural,,",,","cure-blindness,cure-slow,,","cure-poison,cure-weakness,,","hp-recovery-min,defense-up-l,defense-up-m,"
sp-neutralizer,FALSE,medical-solution,,TRUE,metal,,TRUE,jewel,,TRUE,plant,,",,",",,,",",,,",",,,"
spray,TRUE,metal,,TRUE,liquid,,TRUE,fuel,,FALSE,,,",,",",,,",",,,",",,,"
squash-tea,FALSE,dried-herbs,,TRUE,smell,,TRUE,medic-ing,,TRUE,liquid,,"strength-boost-l,,","cool,,,","refreshing,,,","cure-poison,ailments-down-l,,"
strong-yarn,TRUE,string,,TRUE,string,,TRUE,skin,,TRUE,liquid,,",,",",,,",",,,",",,,"
sturdy-shirt,TRUE,a-clothes,,TRUE,string,,TRUE,magic-grass,,FALSE,,,"maximum-hp-5,,","maximum-mp-5,,,","def-power-3,,,","physical-min,,,"
stylish-shirt,TRUE,a-clothes,,FALSE,magical-paint,,TRUE,string,,FALSE,,,"maximum-hp-5,,","maximum-mp-5,,,","def-power-3,,,","hp-regen-min,,,"
sun-flower,FALSE,scrap-metal,10,FALSE,dunkelheit,,TRUE,elixir,,TRUE,dragon,,",,",",,,",",,,",",,,"
tarot-of-fate,FALSE,purifying-liquid,,TRUE,liquid,,TRUE,paper,,TRUE,mystery,,"talisman-of-luck,star-talisman,","wealth-talisman,talisman-of-gold,,","scholar-talisman,sage-talisman,,",",,,"
tauzent-blitz,FALSE,sun-flower,,TRUE,core,,TRUE,core,,TRUE,dragon,,"einzelkampf,,","all-stat-drain-s,all-stats-down-s,,","major-wounds,crit-rate-down,hit-vitals,","major-mov-stop,critical-throw,damage-absorb-s,"
teak-basket,TRUE,w-bag,,TRUE,lumber,,TRUE,medicine,,TRUE,string,,"atk-power-4,,","hit-up-l,,,","speed-10,,,","critical-l,,,"
time-watch,FALSE,moon-tablet,,FALSE,abrasive,,TRUE,synthesis,,TRUE,antique,,",,","auto-revive-l,auto-revive-m,,","move-time-cut-s,move-time-cut-m,move-time-cut-l,","mp-consume-m,mp-consume-l,,"
titan-hammer,FALSE,purple-crystal,,TRUE,ore,,TRUE,mystery,,TRUE,metal,,"critical-throw,,","mp-consume-s,mp-consume-m,mp-consume-l,","defense-ignor,slows-movement,dullness,","impact,,,"
strong-powder,TRUE,meat,,TRUE,medic-ing,,TRUE,smelly,,TRUE,grain,,"atk-power-up-m,atk-power-up-m,","speed-up-m,speed-up-s,,","defense-up-m,defense-up-s,,","dmg-reduction-s,dmg-reduction-m,,"
traditional-staff,FALSE,eiche,,TRUE,feather,,TRUE,lumber,,TRUE,string,,"atk-power-2,,","hit-up-min,,,","speed-5,,,","critical-min,,,"
trad-medicine,TRUE,plant,,TRUE,liquid,,TRUE,seasoning,,TRUE,supplement,,",,","hp-mp-recovery-l,,,",",,,","hp-regen-min,hp-regen-l,hp-regen-m,"
traveler-s-ration,FALSE,five-grain-flour,,TRUE,meat,,TRUE,vegetable,,TRUE,fruit,,",,","nutritious,nourishing,,","eat-recover-m,eat-recover-s,,","fills-stomach,,,"
traveling-doctor,TRUE,w-bag,,TRUE,antique,,TRUE,medicine,,TRUE,string,,"atk-power-6,,","hit-up-m,,,","speed-15,,,","critical-m,,,"
treasure-grimoire,FALSE,soul-vine,2,TRUE,paper,,TRUE,animal,,TRUE,mystery,,"special-attacks,,","scholar-s-focus,sage-s-focus,,","skill-up-s,skill-up-m,,","overflow-wits,,,"
various-scraps,TRUE,a-clothes,,TRUE,a-light-armor,,TRUE,cloth,,TRUE,string,,",,",",,,",",,,",",,,"
veggie-soup,TRUE,vegetable,,TRUE,vegetable,,TRUE,vegetable,,TRUE,liquid,,"warm,,","eat-recover-min,eat-recover-l,,",",,,","nutritious,,,"
white-feather-9,TRUE,w-gun,,FALSE,gold-dust,,TRUE,string,,TRUE,lumber,,"atk-power-6,,","hit-up-m,,,","speed-15,,,","critical-m,,,"
white-neutralizer,TRUE,synthesis,,TRUE,mystery,,TRUE,liquid,,FALSE,,,",,",",,,",",,,",",,,"
white-powder,TRUE,gunpowder,,TRUE,gunpowder,,TRUE,ore,,TRUE,fuel,,",,",",,,",",,,",",,,"
windmill-parts,FALSE,wind-flower,3,FALSE,rusty-cog,3,FALSE,bent-screw,,FALSE,,,",,",",,,",",,,",",,,"
wind-talisman,TRUE,w-accessory,,FALSE,green-crystal,,TRUE,jewel,,TRUE,synthesis,,"atk-power-4,,","hit-up-l,,,","speed-10,,,","critical-l,,,"
wood-chips,FALSE,abrasive,,TRUE,lumber,,TRUE,lumber,,TRUE,paper,,",,",",,,",",,,",",,,"
yellow-crystal,FALSE,polarized-gem,,FALSE,amber-soil,,TRUE,cloth,,TRUE,liquid,,",,",",,,",",,,",",,,"
zettel,TRUE,plant,,TRUE,plant,,TRUE,liquid,,FALSE,,,",,",",,,",",,,",",,,"
ziegel-nugget,TRUE,clay,,TRUE,metal,,TRUE,fuel,,TRUE,supplement,,",,",",,,",",,,",",,,"
elixir,FALSE,dunkelheit,,TRUE,elixir,,TRUE,liquid,,TRUE,mystery,,"recover-ko-s,recover-ko-s2,","ailments-down-m,,,","hp-mp-recovery-s,mp-recovery-s,,","word-protect-l,immortality-pwr,hp-regen-s,"
gold-curse-ring,FALSE,sun-flower,,FALSE,ziegel-nugget,,TRUE,antique,,TRUE,synthesis,,"golden-curse,,","immortality-pwr,,,",",,,",",,,"
slag-figure,TRUE,slag-parts,,TRUE,slag-parts,,TRUE,slag-parts,,TRUE,slag-parts,,"slag-craft-l,,","piercing-damage,crit-rate-down,water-damage-l,","wind-damage-l,,,","mp-consume-m,mp-consume-l,earth-damage-l,"
3rd-gen-engine,FALSE,automatic-drive,,FALSE,bendy-materia,5,FALSE,fire-lord-s-bless,,FALSE,moon-tablet,,,,,